Alexander von Wirth <vonwirth@dbis.rwth-aachen.de>
Andre Burghof <andre.burghof@gmail.com>
Bahram Maleki-Fard <maleki-fard@kbsg.rwth-aachen.de>
Bjoern Schaepers <bjoern.schaepers@rwth-aachen.de>
Carsten Stoffels <carsten.stoffels@rwth-aachen.de>
Christoph Gollok <christoph.gollok@alumni.fh-aachen.de>
Daniel Ewert <daniel.ewert@ima-zlw-ifu.rwth-aachen.de>
Daniel Habering <daniel.habering@rwth-aachen.de>
Daniel Kuenster <daniel.kuenster@rwth-aachen.de>
David Bosen <david.bosen@rwth-aachen.de>
David Schmidt <david.schmidt@rwth-aachen.de>
Florian Nolden <florian-denis.nolden@alumni.fh-aachen.de>
Frederik Zwilling <zwilling@kbsg.rwth-aachen.de>
Jens Wittmeyer <J.Wittmeyer@wzl.rwth-aachen.de>
Johannes Rothe <johannes.rothe@rwth-aachen.de>
Mario Claer <mario.claer@alumni.fh-aachen.de>
Matthias Loebach <matthias.loebach@ima-zlw-ifu.rwth-aachen.de>
Morian Sonnet <morian.sonnet@rwth-aachen.de>
Mostafa Gomaa <gomaa@kbsg.rwth-aachen.de>
Nicolas Limpert <limpert@fh-aachen.de>
Niklas Sebastian Eltester <niklas-sebastian.eltester@alumni.fh-aachen.de>
Randolph Maassen <randolph.maassen@alumni.fh-aachen.de>
Sebastian Reuter <sebastian.reuter@ima-zlw-ifu.rwth-aachen.de>
Sebastian Schoenitz <sebastian.schoenitz@ima-zlw-ifu.rwth-aachen.de>
Tarik Viehmann <tarik.viehmann@rwth-aachen.de>
Till Hofmann <hofmann@kbsg.rwth-aachen.de>
Tim Niemueller <niemueller@kbsg.rwth-aachen.de>
Tobias Neumann <t.neumann@fh-aachen.de>
Victor Mataré <matare@fh-aachen.de>
